Workbook

Sheet Kapazität
B1: Zyklische Tests
B2: Gruppe | C2: Extremes Profil: 45°C | H2: Kundenspezifisches Profil: 45°C | M2: Kundenspezifisches Profil: 25°C
B3: Cell-Name | C3: Cell 10 | D3: Cell 11 | E3: Cell 12 | F3: Cell 13 | G3: Cell 15 | H3: Cell 1 | I3: Cell 2 | J3: Cell 9 | K3: Cell 14 | L3: Cell 16 | M3: Cell 3 | N3: Cell 4 | O3: Cell 6 | P3: Cell 7 | Q3: Cell 8
B4: Kapazität [Ah]
B5: Initial | C5: 52.893 | D5: 52.785 | E5: 53.182 | F5: 53.06 | G5: 52.62 | H5: 52.53 | I5: 53.02 | J5: 52.99 | K5: 52.773 | L5: 53.04 | M5: 52.19 | N5: 52.37 | O5: 52.34 | P5: 52.28 | Q5: 52
B6: Check-up 1 | C6: 50.971582 | D6: 51.06 | E6: 51.34 | F6: 50.79 | G6: 51.2 | H6: 51.159886 | I6: 50.3856 | J6: 50.87015 | K6: 51.452776 | L6: 50.813918 | M6: 51.271257 | N6: 52.139313 | O6: 51.451352 | P6: 51.424777 | Q6: 51.73449
B7: Check-up 2 | C7: 49.942848 | D7: 50.449205 | E7: 50.657288 | F7: 49.973286 | G7: 50.331493 | H7: 50.335741 | I7: 49.869128 | J7: 50.03768 | K7: 49.995036 | L7: 50.450596 | M7: 50.524994 | N7: 51.256012 | O7: 50.78405 | P7: 50.664526 | Q7: 51.043166
B8: Check-up 3 | C8: 49.12939 | D8: 49.176005 | E8: 49.640705 | F8: 48.933465 | G8: 48.988178 | H8: 49.58693 | I8: 48.842794 | J8: 49.057305 | K8: 48.881708 | L8: 49.402736 | M8: 49.890722 | N8: 50.527948 | O8: 50.10047 | P8: 49.966225 | Q8: 50.328989
B9: Check-up 4 | C9: 48.420343 | D9: 48.078674 | E9: 48.704952 | F9: 48.023195 | G9: 47.967345 | H9: 48.715966 | I9: 48.10953 | J9: 47.810726 | K9: 47.770727 | L9: 48.650959 | M9: 49.2007 | N9: 49.85437 | O9: 49.455789 | P9: 49.364577 | Q9: 49.533363
B10: Check-up 5 | C10: 47.718367 | D10: 47.174435 | E10: 47.819172 | F10: 47.230044 | G10: 46.931236 | H10: 47.821683 | I10: 47.249144 | J10: 46.527899 | K10: 46.590641 | L10: 47.708985 | M10: 48.639678 | N10: 49.244216 | O10: 48.917857 | P10: 48.812113 | Q10: 48.927066
B11: Check-up 6 | C11: 46.871585 | D11: 46.116269 | E11: 46.963495 | F11: 46.325919 | G11: 45.692654 | H11: 46.756557 | I11: 46.256589 | J11: 44.954746 | K11: 45.180645 | L11: 46.479167 | M11: 48.296403 | N11: 48.923091 | O11: 48.610336 | P11: 48.470475 | Q11: 48.547038
B12: Check-up 7 | C12: 45.73591 | D12: 44.833698 | E12: 45.125063 | F12: 45.934832 | G12: 43.754352 | M12: 47.454663 | N12: 48.344843 | O12: 47.886634 | P12: 47.769618 | Q12: 47.93911
B13: Check-up 8 | C13: 44.918245 | D13: 43.557113 | E13: 44.036601 | F13: 44.901148 | G13: 42.612615
B14: Check-up 9 | C14: 43.974812 | D14: 42.482805 | E14: 43.408195 | F14: 44.034402 | G14: 41.275314
B15: Check-up 10 | C15: 42.664167 | D15: 40.902595 | E15: 41.929295 | F15: 42.739162 | G15: 39.605823
B16: Check-up 11
B17: Check-up 12
B18: Check-up 13

Sheet Leistungen
B1: Zyklische Tests
B2: Gruppe | C2: Extrem | M2: Kundenspezifisches Profil: 45°C | W2: Kundenspezifisches Profil: 25°C
B3: Cell-Name | C3: Cell 10 | E3: Cell 11 | G3: Cell 12 | I3: Cell 13 | K3: Cell 15 | M3: Cell 1 | O3: Cell 2 | Q3: Cell 9 | S3: Cell 14 | U3: Cell 16 | W3: Cell 3 | Y3: Cell 4 | AA3: Cell 6 | AC3: Cell 7 | AE3: Cell 8
B4: Leistung [W] | C4: Pd | D4: Pc | E4: Pd | F4: Pc | G4: Pd | H4: Pc | I4: Pd | J4: Pc | K4: Pd | L4: Pc | M4: Pd | N4: Pc | O4: Pd | P4: Pc | Q4: Pd | R4: Pc | S4: Pd | T4: Pc | U4: Pd | V4: Pc | W4: Pd | X4: Pc | Y4: Pd | Z4: Pc | AA4: Pd | AB4: Pc | AC4: Pd | AD4: Pc | AE4: Pd | AF4: Pc
B5: Initial | C5: 159.41 | D5: 169.8 | E5: 159.52 | F5: 169.65 | G5: 159.52 | H5: 170.38 | I5: 159.51 | J5: 169.74 | K5: 159.67 | L5: 169.59 | M5: 159.81 | N5: 169.49 | O5: 159.62 | P5: 169.72 | Q5: 159.29 | R5: 169.72 | S5: 159.77 | T5: 169.58 | U5: 159.39 | V5: 169.86 | W5: 159.49 | X5: 169.11 | Y5: 159.4 | Z5: 170.27 | AA5: 159.75 | AB5: 169.56 | AC5: 159.31 | AD5: 169.56 | AE5: 159.26 | AF5: 169.91
B6: Check-up 1 | C6: 159.29813 | D6: 169.26 | E6: 159.42 | F6: 169.36 | G6: 159.24 | H6: 169.94 | I6: 159.39 | J6: 169.73 | K6: 159.76 | L6: 169.67 | M6: 159.6409 | N6: 169.41743 | O6: 158.7393 | P6: 169.29363 | Q6: 159.46935 | R6: 169.81241 | S6: 159.48512 | T6: 169.51291 | U6: 159.04571 | V6: 169.94356 | W6: 159.92586 | X6: 168.56275 | Y6: 159.67191 | Z6: 169.30504 | AA6: 159.96976 | AB6: 169.18694 | AC6: 159.86303 | AD6: 169.5416 | AE6: 160.01554 | AF6: 169.59732
B7: Check-up 2 | C7: 159.35877 | D7: 169.14186 | E7: 159.53641 | F7: 169.19399 | G7: 159.348 | H7: 169.76808 | I7: 159.43503 | J7: 169.62075 | K7: 159.99875 | L7: 169.36751 | M7: 159.76798 | N7: 169.18962 | O7: 159.31876 | P7: 169.63005 | Q7: 159.94421 | R7: 169.0939 | S7: 159.18412 | T7: 168.79826 | U7: 159.82344 | V7: 169.42799 | W7: 160.00555 | X7: 168.43325 | Y7: 159.83136 | Z7: 169.11569 | AA7: 159.99968 | AB7: 169.0972 | AC7: 160.01268 | AD7: 169.37197 | AE7: 160.19503 | AF7: 169.37792
B8: Check-up 3 | C8: 159.41941 | D8: 169.01047 | E8: 159.60722 | F8: 169.03216 | G8: 159.48963 | H8: 169.53539 | I8: 159.53612 | J8: 169.44889 | K8: 160.08965 | L8: 169.21601 | M8: 159.8589 | N8: 169.03808 | O8: 159.47045 | P8: 169.42779 | Q8: 160.06553 | R8: 168.89169 | S8: 159.30543 | T8: 168.6264 | U8: 159.9853 | V8: 169.21554 | W8: 160.08524 | X8: 168.30375 | Y8: 159.90112 | Z8: 169.00606 | AA8: 160.02959 | AB8: 169.0274 | AC8: 160.07254 | AD8: 169.27218 | AE8: 159.85913 | AF8: 168.83669
B9: Check-up 4 | C9: 159.58111 | D9: 168.84877 | E9: 159.79941 | F9: 168.83998 | G9: 159.72232 | H9: 169.31283 | I9: 159.70797 | J9: 169.26693 | K9: 160.24114 | L9: 169.06451 | M9: 160.02054 | N9: 168.85623 | O9: 159.69293 | P9: 169.16484 | Q9: 160.16663 | R9: 168.77037 | S9: 159.52784 | T9: 168.38377 | U9: 160.19776 | V9: 168.97275 | W9: 160.28448 | X9: 168.1344 | Y9: 160.1104 | Z9: 168.80674 | AA9: 160.21905 | AB9: 168.86787 | AC9: 160.31197 | AD9: 169.06264 | AE9: 160.03835 | AF9: 168.67737
B10: Check-up 5 | C10: 159.66196 | D10: 168.71739 | E10: 159.88033 | F10: 168.72872 | G10: 159.86395 | H10: 169.13073 | I10: 159.80906 | J10: 169.13551 | K10: 160.29164 | L10: 168.97361 | M10: 160.25289 | N10: 168.67439 | O10: 159.96598 | P10: 168.94235 | Q10: 160.27785 | R10: 168.70971 | S10: 159.67948 | T10: 168.27257 | U10: 160.42032 | V10: 168.79066 | W10: 160.24463 | X10: 168.11447 | Y10: 160.09047 | Z10: 168.7868 | AA10: 160.16919 | AB10: 168.86787 | AC10: 160.27207 | AD10: 169.0327 | AE10: 160.00848 | AF10: 168.6475
B11: Check-up 6 | C11: 159.77313 | D11: 168.59611 | E11: 159.91067 | F11: 168.68827 | G11: 159.97523 | H11: 169.00933 | I11: 159.88993 | J11: 169.04453 | K11: 160.28154 | L11: 168.97361 | M11: 160.263 | N11: 168.64408 | O11: 159.98621 | P11: 168.89178 | Q11: 160.17674 | R11: 168.78048 | S11: 159.64915 | T11: 168.27257 | U11: 160.44056 | V11: 168.76031 | W11: 160.37413 | X11: 168.00489 | Y11: 160.27982 | Z11: 168.62734 | AA11: 160.32873 | AB11: 168.7183 | AC11: 160.46162 | AD11: 168.87305 | AE11: 160.23749 | AF11: 168.42844
B12: Check-up 7 | C12: 159.62154 | D12: 168.72749 | E12: 159.89044 | F12: 168.68827 | G12: 159.70208 | H12: 169.29259 | I12: 159.91014 | J12: 168.95355 | K12: 160.14015 | L12: 169.08471 | W12: 160.41398 | X12: 167.96505 | Y12: 160.37948 | Z12: 168.51772 | AA12: 160.4085 | AB12: 168.63854 | AC12: 160.55141 | AD12: 168.77327 | AE12: 160.34702 | AF12: 168.3189
B13: Check-up 8 | C13: 159.21728 | D13: 169.14186 | E13: 159.87021 | F13: 168.71861 | G13: 159.01415 | H13: 169.99064 | I13: 159.95058 | J13: 168.93333 | K13: 160.11995 | L13: 169.10491
B14: Check-up 9 | C14: 159.12632 | D14: 169.22271 | E14: 159.80952 | F14: 168.75907 | G14: 158.87251 | H14: 170.10193 | I14: 159.92025 | J14: 168.95355 | K14: 160.06945 | L14: 169.14531
B15: Check-up 10 | C15: 159.07579 | D15: 169.27324 | E15: 159.79941 | F15: 168.78941 | G15: 158.81181 | H15: 170.17274 | I15: 159.93036 | J15: 168.94344 | K15: 160.03915 | L15: 169.18571
B16: Check-up 11
B17: Check-up 12
B18: Check-up 13
B19: Check-up 14
B20: Check-up 15
B21: Check-up 16

Sheet Dynamische Kapazität 25°C
B1: Zyklische Tests
B2: Gruppe | C2: Extrem | M2: Kundenspezifisches Profil: 45°C | W2: Kundenspezifisches Profil: 25°C
B3: Cell-Name | C3: Cell 10 | E3: Cell 11 | G3: Cell 12 | I3: Cell 13 | K3: Cell 15 | M3: Cell 1 | O3: Cell 2 | Q3: Cell 9 | S3: Cell 14 | U3: Cell 16 | W3: Cell 3 | Y3: Cell 4 | AA3: Cell 6 | AC3: Cell 7 | AE3: Cell 8
B4: Kapazität [Ah] | C4: Profil-1 | D4: Profil-2 | E4: Profil-1 | F4: Profil-2 | G4: Profil-1 | H4: Profil-2 | I4: Profil-1 | J4: Profil-2 | K4: Profil-1 | L4: Profil-2 | M4: Profil-1 | N4: Profil-2 | O4: Profil-1 | P4: Profil-2 | Q4: Profil-1 | R4: Profil-2 | S4: Profil-1 | T4: Profil-2 | U4: Profil-1 | V4: Profil-2 | W4: Profil-1 | X4: Profil-2 | Y4: Profil-1 | Z4: Profil-2 | AA4: Profil-1 | AB4: Profil-2 | AC4: Profil-1 | AD4: Profil-2 | AE4: Profil-1 | AF4: Profil-2
B5: Initial | C5: 51.9193 | D5: 52.5487 | E5: 51.2107 | F5: 45.4434 | G5: 52.5706 | H5: 53.02587 | I5: 51.9278 | J5: 52.5287 | K5: 52.025 | L5: 52.4779 | M5: 51.2107 | N5: 52.074712 | O5: 51.5011 | P5: 52.6885 | Q5: 52.1254 | R5: 52.5449 | S5: 52.0482 | T5: 52.490025 | U5: 52.0493 | V5: 52.798643 | W5: 51.7156 | X5: 51.4381 | Y5: 52.3134 | Z5: 51.2462 | AA5: 52.2786 | AB5: 51.417 | AC5: 51.9138 | AD5: 52.308 | AE5: 52.2796 | AF5: 52.1055
B6: Check-up 1 | C6: 50.8803 | D6: 50.709216 | E6: 50.872059 | F6: 50.708697 | G6: 51.247924 | H6: 51.125464 | I6: 50.724977 | J6: 50.534234 | K6: 51.033358 | L6: 50.882397 | M6: 50.827209 | N6: 50.622707 | O6: 50.322874 | P6: 50.23156 | Q6: 50.793208 | R6: 50.685449 | S6: 51.070528 | T6: 50.989933 | U6: 50.603222 | V6: 50.290702 | W6: 51.18 | X6: 50.96 | Y6: 52.04 | Z6: 51.62 | AA6: 51.4 | AB6: 51.11 | AC6: 51.16 | AD6: 50.96 | AE6: 51.66 | AF6: 51.355704
B7: Check-up 2 | C7: 49.709369 | D7: 49.503958 | E7: 50.244482 | F7: 49.826741 | G7: 50.585838 | H7: 50.147494 | I7: 49.686742 | J7: 49.459203 | K7: 50.104145 | L7: 49.775514 | M7: 50.243768 | N7: 49.939859 | O7: 49.515837 | P7: 49.333663 | Q7: 49.751562 | R7: 49.536427 | S7: 49.67575 | T7: 49.474801 | U7: 50.276197 | V7: 49.977115 | W7: 50.388464 | X7: 50.051955 | Y7: 50.999088 | Z7: 50.684757 | AA7: 50.670879 | AB7: 50.26556 | AC7: 50.613791 | AD7: 50.12529 | AE7: 50.894309 | AF7: 50.555623
B8: Check-up 3 | C8: 48.938195 | D8: 48.692478 | E8: 48.925998 | F8: 48.644471 | G8: 49.419954 | H8: 49.132268 | I8: 48.747809 | J8: 48.420304 | K8: 48.877683 | L8: 48.635053 | M8: 49.216151 | N8: 49.081807 | O8: 48.687176 | P8: 48.401794 | Q8: 48.754058 | R8: 48.479561 | S8: 48.685443 | T8: 48.36647 | U8: 49.187772 | V8: 49.031281 | W8: 49.650671 | X8: 49.290832 | Y8: 50.352542 | Z8: 49.898501 | AA8: 49.999404 | AB8: 49.526557 | AC8: 49.700461 | AD8: 49.378246 | AE8: 50.235213 | AF8: 49.703746
B9: Check-up 4 | C9: 48.332929 | D9: 47.924512 | E9: 48.066788 | F9: 47.640677 | G9: 48.680289 | H9: 48.242251 | I9: 47.79746 | J9: 47.523115 | K9: 47.825439 | L9: 47.619842 | M9: 48.440899 | N9: 48.194129 | O9: 47.772326 | P9: 47.558848 | Q9: 47.508508 | R9: 47.278133 | S9: 47.484262 | T9: 47.2526 | U9: 48.414839 | V9: 48.152178 | W9: 49.017136 | X9: 48.660177 | Y9: 49.558397 | Z9: 49.197192 | AA9: 49.205067 | AB9: 48.879369 | AC9: 49.138267 | AD9: 48.772709 | AE9: 49.34566 | AF9: 48.988423
B10: Check-up 5 | C10: 47.488426 | D10: 47.153826 | E10: 46.989014 | F10: 46.665473 | G10: 47.694173 | H10: 47.357512 | I10: 46.997778 | J10: 46.698067 | K10: 46.835634 | L10: 46.47689 | M10: 47.526078 | N10: 47.313554 | O10: 46.945459 | P10: 46.781113 | Q10: 46.363608 | R10: 46.012869 | S10: 46.395491 | T10: 46.081499 | U10: 47.484282 | V10: 47.239585 | W10: 48.44775 | X10: 48.047601 | Y10: 48.983503 | Z10: 48.58866 | AA10: 48.761302 | AB10: 48.301733 | AC10: 48.698085 | AD10: 48.161383 | AE10: 48.802795 | AF10: 48.350897
B11: Check-up 6 | C11: 46.769377 | D11: 46.335578 | E11: 46.113797 | F11: 45.628294 | G11: 46.866836 | H11: 46.492313 | I11: 46.343129 | J11: 45.820353 | K11: 45.580345 | L11: 45.290808 | M11: 46.507953 | N11: 46.266569 | O11: 45.868778 | P11: 45.654783 | Q11: 44.779965 | R11: 45.636471 | S11: 44.929195 | T11: 44.666628 | U11: 46.44247 | V11: 46.19959 | W11: 48.134906 | X11: 47.614284 | Y11: 48.749595 | Z11: 48.189802 | AA11: 48.423571 | AB11: 47.90723 | AC11: 48.347968 | AD11: 47.750303 | AE11: 48.417051 | AF11: 47.907878
B12: Check-up 7 | C12: 45.605345 | D12: 45.324408 | E12: 44.809911 | F12: 44.346118 | G12: 44.992065 | H12: 44.613122 | I12: 45.797256 | J12: 45.449535 | K12: 43.712918 | L12: 43.442071 | W12: 47.252041 | X12: 46.936536 | Y12: 48.327874 | Z12: 47.700075 | AA12: 47.790911 | AB12: 47.38499 | AC12: 47.544673 | AD12: 47.090546 | AE12: 47.789818 | AF12: 47.370282
B13: Check-up 8 | C13: 44.879103 | D13: 44.425845 | E13: 43.494229 | F13: 43.162851 | G13: 43.925099 | H13: 43.560147 | I13: 44.931607 | J13: 44.503762 | K13: 42.610346 | L13: 42.20197
B14: Check-up 9 | C14: 43.843874 | D14: 43.448047 | E14: 42.499612 | F14: 41.989185 | G14: 43.159338 | H14: 42.685337 | I14: 43.920971 | J14: 43.557874 | K14: 41.231354 | L14: 40.869868
B15: Check-up 10 | C15: 42.820857 | D15: 42.221929 | E15: 40.981942 | F15: 40.492043 | G15: 41.893234 | H15: 41.405866 | I15: 42.851441 | J15: 42.292714 | K15: 39.566866 | L15: 39.236853
B16: Check-up 11
B17: Check-up 12
B18: Check-up 13
B19: Check-up 14
B20: Check-up 15
B21: Check-up 16
B22: Check-up 17

Sheet Zyklenanzahl
B1: Zyklische Tests
B2: Gruppe | C2: Extremes Profil: 45°C | H2: Kundenspezifisches Profil: 45°C | M2: Kundenspezifisches Profil: 25°C
B3: Cell-Name | C3: Cell 10 | D3: Cell 11 | E3: Cell 12 | F3: Cell 13 | G3: Cell 15 | H3: Cell 1 | I3: Cell 2 | J3: Cell 9 | K3: Cell 14 | L3: Cell 16 | M3: Cell 3 | N3: Cell 4 | O3: Cell 6 | P3: Cell 7 | Q3: Cell 8
B4: Zyklenzahlen
B5: Initial | C5: 0 | D5: 0 | E5: 0 | F5: 0 | G5: 0 | H5: 0 | I5: 0 | J5: 0 | K5: 0 | L5: 0 | M5: 0 | N5: 0 | O5: 0 | P5: 0 | Q5: 0
B6: Check-up 1 | C6: 196 | D6: 194 | E6: 192 | F6: 197 | G6: 193 | H6: 173 | I6: 173 | J6: 174 | K6: 175 | L6: 176 | M6: 157 | N6: 153 | O6: 156 | P6: 154 | Q6: 165
B7: Check-up 2 | C7: 200 | D7: 199 | E7: 196 | F7: 201 | G7: 198 | H7: 174 | I7: 173 | J7: 175 | K7: 176 | L7: 176 | M7: 158 | N7: 154 | O7: 157 | P7: 155 | Q7: 168
B8: Check-up 3 | C8: 204 | D8: 203 | E8: 201 | F8: 206 | G8: 202 | H8: 172 | I8: 172 | J8: 177 | K8: 174 | L8: 175 | M8: 158 | N8: 154 | O8: 157 | P8: 155 | Q8: 167
B9: Check-up 4 | C9: 208 | D9: 207 | E9: 205 | F9: 210 | G9: 207 | H9: 175 | I9: 174 | J9: 178 | K9: 177 | L9: 178 | M9: 157 | N9: 154 | O9: 156 | P9: 154 | Q9: 167
B10: Check-up 5 | C10: 211 | D10: 208 | E10: 205 | F10: 211 | G10: 208 | H10: 176 | I10: 175 | J10: 180 | K10: 179 | L10: 179 | M10: 157 | N10: 155 | O10: 157 | P10: 154 | Q10: 168
B11: Check-up 6 | C11: 206 | D11: 217 | E11: 213 | F11: 219 | G11: 218 | H11: 178 | I11: 177 | J11: 184 | K11: 182 | L11: 182 | M11: 156 | N11: 154 | O11: 155 | P11: 153 | Q11: 167
B12: Check-up 7 | C12: 208 | D12: 222 | E12: 218 | F12: 222 | G12: 224
B13: Check-up 8 | C13: 216 | D13: 230 | E13: 233 | F13: 224 | G13: 235
B14: Check-up 9 | C14: 221 | D14: 237 | E14: 239 | F14: 230 | G14: 243
B15: Check-up 10 | C15: 231 | D15: 250 | E15: 251 | F15: 241 | G15: 258
B16: Check-up 11
B17: Check-up 12
B18: Check-up 13
B19: Check-up 14

Sheet Dynamische Kapazität 45°C
B1: Zyklische Tests
B2: Gruppe | C2: Extrem | M2: Kundenspezifisches Profil: 45°C | W2: Kundenspezifisches Profil: 25°C
B3: Cell-Name | C3: Cell 10 | E3: Cell 11 | G3: Cell 12 | I3: Cell 13 | K3: Cell 15 | M3: Cell 1 | O3: Cell 2 | Q3: Cell 9 | S3: Cell 14 | U3: Cell 16 | W3: Cell 3 | Y3: Cell 4 | AA3: Cell 6 | AC3: Cell 7 | AE3: Cell 8
B4: Kapazität [Ah] | C4: Profil-1 | D4: Profil-2 | E4: Profil-1 | F4: Profil-2 | G4: Profil-1 | H4: Profil-2 | I4: Profil-1 | J4: Profil-2 | K4: Profil-1 | L4: Profil-2 | M4: Profil-1 | N4: Profil-2 | O4: Profil-1 | P4: Profil-2 | Q4: Profil-1 | R4: Profil-2 | S4: Profil-1 | T4: Profil-2 | U4: Profil-1 | V4: Profil-2 | W4: Profil-1 | X4: Profil-2 | Y4: Profil-1 | Z4: Profil-2 | AA4: Profil-1 | AB4: Profil-2 | AC4: Profil-1 | AD4: Profil-2 | AE4: Profil-1 | AF4: Profil-2
B5: Initial | C5: 53.394234 | D5: 53.303883 | E5: 53.51429 | F5: 53.45591 | G5: 54.465874 | H5: 54.174758 | I5: 53.373862 | J5: 53.330272 | K5: 53.897586 | L5: 53.711062 | M5: 53.530557 | N5: 53.578657 | O5: 53.540931 | P5: 53.566478 | Q5: 53.839326 | R5: 53.809077 | S5: 53.768881 | T5: 53.770503 | U5: 53.783822 | V5: 53.497141 | W5: 53.919162 | X5: 53.857489 | Y5: 54.63714 | Z5: 54.648863 | AA5: 54.040504 | AB5: 52.990921 | AC5: 53.712965 | AD5: 53.644646 | AE5: 54.232873 | AF5: 54.111124
B6: 6 Monate | C6: 44.84446 | D6: 44.543971 | E6: 43.209046 | F6: 42.964224 | G6: 44.181784 | H6: 43.824313 | I6: 44.898061 | J6: 44.61771 | K6: 41.894474 | L6: 41.661867 | W6: 48.60713 | X6: 48.468588 | Y6: 49.401719 | Z6: 49.263757 | AA6: 48.983511 | AB6: 48.904602 | AC6: 48.871045 | AD6: 48.771175 | AE6: 48.886338 | AF6: 48.823168
B7: End

Sheet Tabelle1
B3: Extremes Profil: 45°C | M3: Kundenspezifisches Profil: 25°C
B4: Aktuelle Kapazität im Vergleich zur… | E4: Cell 10 | F4: Cell 11 | G4: Cell 12 | H4: Cell 13 | I4: Cell 15 | J4: ⌀ | M4: Aktuelle Kapazität im Vergleich zur… | P4: Cell 3 | Q4: Cell 4 | R4: Cell 6 | S4: Cell 7 | T4: Cell 8 | U4: ⌀
B5: Nominalkapazität | E5: =1-Kapazität!C13/50 -> 0.1016351 | F5: =1-Kapazität!D13/50 -> 0.12885774 | G5: =1-Kapazität!E13/50 -> 0.11926799 | H5: =1-Kapazität!F13/50 -> 0.10197705 | I5: =1-Kapazität!G13/50 -> 0.14774769 | J5: =AVERAGE(E5:I5) -> 0.11989711 | M5: Nominalkapazität | P5: =1-Kapazität!M10/50 -> 0.027206448 | Q5: =1-Kapazität!N10/50 -> 0.015115672 | R5: =1-Kapazität!O10/50 -> 0.021642868 | S5: =1-Kapazität!P10/50 -> 0.023757745 | T5: =1-Kapazität!Q10/50 -> 0.021458672 | U5: =AVERAGE(P5:T5) -> 0.021836281
B6: Kapazität der letzten CU | E6: =1-Kapazität!C13/Kapazität!C12 -> 0.017877964 | F6: =1-Kapazität!D13/Kapazität!D12 -> 0.028473775 | G6: =1-Kapazität!E13/Kapazität!E12 -> 0.024121013 | H6: =1-Kapazität!F13/Kapazität!F12 -> 0.022503273 | I6: =1-Kapazität!G13/Kapazität!G12 -> 0.026094246 | J6: =AVERAGE(E6:I6) -> 0.023814054 | M6: Kapazität der letzten CU | P6: =1-Kapazität!M10/Kapazität!M9 -> 0.011402734 | Q6: =1-Kapazität!N10/Kapazität!N9 -> 0.012238719 | R6: =1-Kapazität!O10/Kapazität!O9 -> 0.010877031 | S6: =1-Kapazität!P10/Kapazität!P9 -> 0.011191518 | T6: =1-Kapazität!Q10/Kapazität!Q9 -> 0.012240169 | U6: =AVERAGE(P6:T6) -> 0.011590034
G10: Kundenspezifisches Profil: 45°C
G11: Aktuelle Kapazität im Vergleich zur… | J11: Cell 1 | K11: Cell 2 | L11: Cell 9 | M11: Cell 14 | N11: Cell 16 | O11: ⌀
G12: Anfangskapazität | J12: =1-Kapazität!H10/50 -> 0.043566339 | K12: =1-Kapazität!I10/50 -> 0.055017119 | L12: =1-Kapazität!J10/50 -> 0.069442014 | M12: =1-Kapazität!K10/50 -> 0.068187173 | N12: =1-Kapazität!L10/50 -> 0.045820294 | O12: =AVERAGE(J12:N12) -> 0.056406587
G13: Kapazität der letzten CU | J13: =1-Kapazität!H10/Kapazität!H9 -> 0.018357074 | K13: =1-Kapazität!I10/Kapazität!I9 -> 0.017883907 | L13: =1-Kapazität!J10/Kapazität!J9 -> 0.026831364 | M13: =1-Kapazität!K10/Kapazität!K9 -> 0.024703107 | N13: =1-Kapazität!L10/Kapazität!L9 -> 0.019361877 | O13: =AVERAGE(J13:N13) -> 0.021427466
